dataset,subset,method,alc,f1_at_10pct,f1_at_100pct
haodf,all,BOW,0.45634434770000004,0.36206731,0.552858968
haodf,all,CBOW,0.1904839372,0.143494233,0.241321399
haodf,all,CBOW_KG,0.18762400429999998,0.137965699,0.238523869
haodf,all,BOW_EXP,0.38342069019999997,0.310237627,0.473692925
haodf,all,BOW_EXP_KG,0.3859504147,0.314949605,0.475462955
haodf,all,LSTM,0.0192446924,0.001018388,0.04063125
haodf,all,LSTM_KG,0.0345616438,0.001210792,0.062549918
haodf,all,BERT,0.37684402355,0.317339508,0.462971151
haodf,rare,BOW,0.34643386369999996,0.207739433,0.454644195
haodf,rare,CBOW,0.1100408791,0.08906286,0.141722846
haodf,rare,CBOW_KG,0.1047405399,0.073351168,0.139798192
haodf,rare,BOW_EXP,0.27737417924999996,0.215991699,0.349660246
haodf,rare,BOW_EXP_KG,0.2824983057,0.230297842,0.351086142
haodf,rare,LSTM,0.0,0.0,0.0
haodf,rare,LSTM_KG,0.0,0.0,0.0
haodf,rare,BERT,0.2758188848,0.23084748,0.341
chinare,all,BOW,0.8617492018,0.88547617,0.981730138
chinare,all,CBOW,0.5260577742,0.497870761,0.615242367
chinare,all,CBOW_KG,0.51631534995,0.492405803,0.6102432
chinare,all,BOW_EXP,0.80550594335,0.847592803,0.910288806
chinare,all,BOW_EXP_KG,0.80608972705,0.84749026,0.910974379
chinare,all,LSTM,0.5560962931,0.286164475,0.721798055
chinare,all,LSTM_KG,0.5738407422,0.270714901,0.739965613
chinare,all,BERT,0.77032800365,0.784657573,0.877449532
chinare,rare,BOW,0.82040952375,0.688,0.960952381
chinare,rare,CBOW,0.1776047619,0.048666667,0.289333333
chinare,rare,CBOW_KG,0.19322539689999996,0.064666667,0.343333333
chinare,rare,BOW_EXP,0.81920476185,0.802190476,0.931428571
chinare,rare,BOW_EXP_KG,0.81703809515,0.796190476,0.931428571
chinare,rare,LSTM,0.0,0.0,0.0
chinare,rare,LSTM_KG,0.0,0.0,0.0
chinare,rare,BERT,0.76963571425,0.601333333,0.915
