0.88547617,0.497870761,0.492405803,0.847592803,0.84749026,0.286164475,0.270714901,0.784657573
0.915586721,0.543089838,0.53304038,0.870918072,0.873057847,0.502023085,0.499432657,0.826245708
0.939947964,0.559118535,0.553442854,0.888039189,0.888190024,0.563581094,0.584221549,0.845979796
0.95852645,0.574668568,0.567434138,0.895130114,0.895489102,0.614059235,0.643869268,0.856520665
0.963368978,0.591117312,0.575475357,0.895801349,0.897185759,0.637177422,0.668272135,0.860767788
0.974477465,0.597619533,0.590834365,0.902065531,0.902409231,0.654960583,0.680467034,0.863357694
0.974928379,0.601698666,0.587886395,0.905296153,0.906589261,0.680094448,0.710273958,0.869094527
0.977891032,0.617388175,0.594593946,0.907432092,0.907577866,0.701105383,0.719448205,0.875249439
0.979161875,0.619320551,0.609121563,0.911436129,0.911165861,0.703980416,0.727082359,0.875010867
0.981730138,0.615242367,0.6102432,0.910288806,0.910974379,0.721798055,0.739965613,0.877449532
