0.688,0.048666667,0.064666667,0.802190476,0.796190476,0,0,0.601333333
0.784666667,0.082666667,0.079111111,0.87,0.874,0,0,0.787333333
0.866,0.094666667,0.152666667,0.903809524,0.903809524,0,0,0.836666667
0.953142857,0.108380952,0.206666667,0.926285714,0.918285714,0,0,0.862666667
0.947809524,0.224,0.194666667,0.918095238,0.914095238,0,0,0.87247619
0.950285714,0.215333333,0.273333333,0.927428571,0.923428571,0,0,0.87047619
0.95047619,0.248666667,0.230666667,0.928761905,0.928761905,0,0,0.897142857
0.958285714,0.342,0.26,0.922095238,0.922095238,0,0,0.904761905
0.968952381,0.291333333,0.331142857,0.928761905,0.922095238,0,0,0.906666667
0.960952381,0.289333333,0.343333333,0.931428571,0.931428571,0,0,0.915
